{
  "best_model": "random_forest",
  "metrics": {
    "linear_regression": {
      "r2": -0.16738740781019867,
      "rmse": 8421.690160960481
    },
    "random_forest": {
      "r2": 0.09986124493975324,
      "rmse": 7395.141485637215
    }
  }
}